"index","book_title","description"
0,"낙하산과 클레오파트라 1","프롤로그 제1장 문제의 제기 제2장 잔머리 굴리기 제3장 덤벼봐 제4장 남을 집적거려 일이 일어나게 함 제5장 남녀 사이에 일어나는 색정적인 일 제6장 정면으로 맞서 싸움을 걸다 제7장 몹시 곤궁하여 고통스런 지경 제8장 도망하여 몸을 피함 제9장 온기를 서로 전해 옮김 제10장 꾀를 부리는 일 제11장 일을 함께 하는 무리"
1,"내일을 기다리는 아이","‘여유를 가지며 참고 기다리는 것’은 자폐스펙트럼 장애아동을 키우는 보호자가 반드시 가져야 할 마음가짐이다. 자폐스펙트럼 장애아동은 하루하루 맞이하는 일상생활에서도 수많은 문제점이 드러난다. 한 번에 하나씩 문제행동을 수정해 나가고 아이의 작은 변화에도 감사하며 앞으로 나아가는 것이 자폐스펙트럼 장애를 치료하는 과정이다. 성급하게 접근하면 보호자도 쉽게 지칠 뿐 아니라 아이에게도 부정적인 영향이 나타난다.--- p.77자폐스펙트럼 장애아동은 늘 지시상황에 놓인다. “밥을 먹을 때는 숟가락을 사용해야 해” “‘우’ 소리는 이렇게 내야 해” “장난감을 던져서는 안 돼” 등등 학습뿐만 아니라 일상생활 모두가 금지와 제시로 이루어진다. 스스로 이해하고 따라오기도 하지만, 외부자극에 의해 억지로 순응하는 경우도 많다. 누구나 그렇듯 아이 역시 금지와 제시로 인한 억압적 분위기가 계속되면 마음에 점점 응어리가 맺히고, 나중에는 공격적인 행동으로 폭발할 수도 있다. 자폐스펙트럼 장애치료는 제한된 환경에서 지속적인 지시를 통해 발달이 지체된 아이의 심리적·정서적·인지적 발달을 이끌어내야 하므로 치료를 진행하면서도 자폐스펙트럼 장애아동이 느끼는 어려움과 스트레스를 수용하고 표출할 수 있는 창구를 반드시 마련해주어야 한다.--- pp.86~87눈이 마주치자 민수 어머니는 꾹꾹 참았던 눈물을 흘리기 시작했다. 꾸준히 발전하고 있던 아이가 정체된 듯이 보이고 지금까지와는 달리 치료실에서 격렬히 저항하는 과정을 지켜보는 것은 보호자로서 견디기 힘든 고통일 것이다. 옆에서 아무리 치료 과정에 불과하다고, 오늘이 지나면 나아질 것이라고 이야기해도 보호자 입장에서는 쉽게 받아들일 수 없을 것이다. 오늘의 일이 민수가 더 나아지기 위한 과정에 불과하다는 것을 깨닫는데 필요한 것은 시간밖에 없었다.--- p.94나는 보호자에게 늘 ‘칭찬’을 부탁한다. 그런데 이런 부탁을 받으면 많은 보호자가 당황한 표정을 짓는다. 민수 어머니도 마찬가지였다. 칭찬을 해주라는 말에 무엇을 칭찬해야 할지 모르겠다며 그녀는 부담스러운 얼굴이었다. 문제행동이 벌어졌을 때 제지하는 것보다 문제 행동을 하지 않을 때 칭찬하는 것이 그 행동을 수정하는데 훨씬 효과가 좋다고 이야기해도 상담시간 동안만 효력을 가질 뿐이었다. 지시와 금지는 쉽고 칭찬과 포용이 어렵다는 것은 알고 있지만, 나는 자폐스펙트럼 장애치료 30년 동안 칭찬보다 좋은 강화물을 본 적이 없다._pp.112~113또래보다 체구도 큰데다 적절한 언어 표현이 어려웠기에 자신의 의사표현을 ‘밀치기’ ‘때리기’ ‘물건 던지기’로 표현하는 민수 때문에 일반아동이 다치는 일도 발생했다. 민수는 자기가 하고 싶은 행동이 다른 사람에게 받아들여지지 않을 때는 “우~우~” 하며 거친 울음소리를 내며 울기도 하였다. 또 다시 민수는 ‘무서운 아이’가 되어가고 있었다. 자신의 바람과는 달리 친구들과도 점점 멀어지고 있었다.--- p.154민수는 행동치료사가 내리는 지시를 잘 따르다가도 어머니가 들어오면 갑자기 자리를 이탈하고 도망을 가거나 어머니를 때리는 등 격한 반응을 보였다. 이와 같은 주의 끌기 행동은 자폐스펙트럼 장애아동에게 드물지 않게 나타나는 문제행동 중 하나다. 자폐스펙트럼 장애아동은 주위 사람의 눈치를 살피며 자신에게 허용된 행동 범위를 시험하는 이른바 ‘간보기’ 행동을 한다. 이런 행동을 본 보호자는 아이가 치료사 이야기는 잘 듣는데 자신의 말은 듣지 않는 것을 자신을 ‘약 올리기’ 위한 것이라고 오해하여 괴로워하기도 한다. 그러나 그 과정을 잘 살펴보면 오히려 보호자의 태도가 아이의 문제행동을 더 악화시키는 경우가 많다."
2," 신존 1","서장제1장 고수(高手)제2장 혈응(血鷹)제3장 허풍선이 아저씨제4장 천하제일인제5장 악몽(惡夢)제6장 홍의녀(紅衣女)제7장 하려면 제대로 하라!제8장 신풍대(神風隊)제9장 나 역시 쪽팔리다!제10장 혈루(血淚)제11장 이별 선물제12장 아름다운 실수제13장 왔군!제14장 언젠가 중원이 피에 잠길 그날제15장 혈응신마(血鷹神魔) "
3," Click 클릭 3권 15~20화","Click(클릭) 15-20화를 묶은 세트상품입니다.멀쩡하고도 잘나가던 16세 건강소년 이준하. 어느날 아침, 화장실에 가니 있어야 할 것이 없다. Oh, My God... 내 거시기를 돌려줘!!!악몽 같은 현실에 쓰러진 준하가 들은 믿지 못할 가문의 비밀!사춘기를 거쳐 염색체가 변이되는 변태집안이었던 것. 아버지도 여자에서 남자로 바뀌어 살아왔으며 준하는 16년간 남자로 살아온 삶을 버리고 여자가 되서 살아야 한다는 것이다. 불알 친구인 진후나 맘 속에 두고 있던 희원이는 이 사실을 알면 뭐라 할까…?!"
4,"자원음모 03","과거부터 현재까지 논란의 쟁점이 되고 있는 자원들을 둘러싼 각국의 이해관계와 분쟁을 다루고 있다. 자원이 어떻게 각국의 이해관계와 얽혀 있으며, 그 빌미로 어떤 양상이 전개되고 있는지, 자원별 특성에 따른 설명은 물론, 자원을 둘러싼 패권다툼이 진행되거나 혹은 예정되어 있는 지역들도 함께 살펴본다. ‘땅 파서 석유 한 방울 나오지 않는’ 자원 소비국으로서, 자원의 흐름을 파악하는 것이 이후 자원정책이나 세계의 흐름을 읽는 데 중요한 자료가 될 것이다.   "
5,"대여  꽃님 CHAT챗 총10권/완결","[꽃님] CHAT(챗) 1권[꽃님] CHAT(챗) 2권[꽃님] CHAT(챗) 3권[꽃님] CHAT(챗) 4권[꽃님] CHAT(챗) 5권[꽃님] CHAT(챗) 6권[꽃님] CHAT(챗) 7권[꽃님] CHAT(챗) 8권[꽃님] CHAT(챗) 9권[꽃님] CHAT(챗) 10권(완결)"
6,"그리노믹스","연세대학교 화학과 학사졸업. 국내 환경경영 선도기업인 홈플러스의 친환경에너지팀 소속으로 전사 환경 프로젝트의 실무를 담당하고 있음. 환경부 및 환경부 산하 기관의 다양한 녹색성장 정책 및 가이드라인 개발 프로젝트에 참여. 저자메일:greenomics01@gmail.com"
7,"다크 인사이더 - CSI : 과학수사대, 마이애미 #2","폭풍이 몰아치는 마이애미의 저녁 무렵 갱 두목 월리스를 겨냥한 아처 호텔의 드라이브 바이 총격으로 월리스는 물론 일반시민들까지 희생된다. 호레이쇼 반장은 마이애미 갱 조직을 잘 알고 있는 마약수사국(DEA)요원 제러미 버네에서 도움을 청하지만 오히려 버넷부부도 갱들의 총알세례를 받는다. 총격에 사용된 탄피가 이미 11개월 전 증거물로 압류된 AK-47에서 발사된 것임이 NIBIN(전미 탄도학 정보종합네트워크)을 통해 밝혀진 가운데 마이애미의 밤을 공포의 도가니로 몰아넣는 갱들의 전쟁은 점점 도를 더해간다."
8,"대여 마담 티아라 4권","「아버지가 그렇게나 지키고 싶어 하던 아가씨께서, 저에게 어떤 제안을 했는지 아십니까?」 순간, 미소에 한 가지 감정이 뚜렷하게 드러났다. 그것은 분명한 조소였다. 「아버지.」 참을 수 없는 웃음이 흘러나왔다. 「제가 이겼습니다.」 거짓말처럼 찾아온 기회, 살아남기 위해서는 화려함으로 무장을 하라. 사교계의 정점, 최초의 티아라(Tiara)가 되기 위해서."
9,"인간관계를 열어주는 13가지 지혜","서문 미국 최고의 영향력을 발휘한 리더첫 번째 지혜 타인의 언행을 존중하라  타인에 대한 존중은 곧 자신에 대한 우대이다  서로 존중하는 법을 배워라  상대방을 존중하며 말하라  단정한 차림은 상대방에 대한 배려이다  예의 바른 행동으로 상대방을 존중하라  타인에 대한 존중은 자기 성공의 지름길이다  다른 사람들도 나처럼 대하라  존중은 돈으로 살 수 없다  타인을 존중해야 타인의 존중을 얻는다두 번째 지혜 부드러운 표정을 지어라  밝은 표정을 지으면 어디서나 환영받는다  미소는 성공의 도우미다  미소는 삶을 변화시키는 원동력이다  미소 짓는 사람은 다가가기 쉽다  어떠한 상황에서도 미소로써 일관하라  미소는 최고의 예의다  미소는 자신감의 상징이다  열정을 담아 웃어라  엄숙해야 할 때는 엄숙하게 행동하라(이하생략)"
10,"대여 고화질 연재 좋아하지 않을 거야, 선배 10화","고등학교 문화제에서 미술부의 상큼한 왕자.소우키 선배를 만난 이쿠.첫눈에 반한 그를 좇아 입학하고 미술부에 들어간 이쿠였지만,선배는 위험한 왕자로 변해 있었다.같은 특활부, 집은 앞집. 이쿠는 미술부의 왕자,소우키 선배에게 포옹을 당하거나 키스를 당하는 등…매일같이 휘둘리고 있었다.그러던 어느 날, 이쿠는 소우키 선배의 스케치북에서미술부의 전 고문인 유카리 선생님의 누드 데생을 발견한다."
11,"자원음모 06","과거부터 현재까지 논란의 쟁점이 되고 있는 자원들을 둘러싼 각국의 이해관계와 분쟁을 다루고 있다. 자원이 어떻게 각국의 이해관계와 얽혀 있으며, 그 빌미로 어떤 양상이 전개되고 있는지, 자원별 특성에 따른 설명은 물론, 자원을 둘러싼 패권다툼이 진행되거나 혹은 예정되어 있는 지역들도 함께 살펴본다. ‘땅 파서 석유 한 방울 나오지 않는’ 자원 소비국으로서, 자원의 흐름을 파악하는 것이 이후 자원정책이나 세계의 흐름을 읽는 데 중요한 자료가 될 것이다.   "
12,"내 행운 Max 3-2","불운의 아이콘 영민, 각성으로 행운 수치 Max가 되다! 추락의 순간 헌터 각성으로 살아난 영민 한데... 추락하며 깔아뭉갠 것이 세상을 구하기 위해 회귀한 헌터라고? 회귀자의 기억과 능력을 흡수한 행운 Max의 헌터, 영민의 이야기가 시작된다!"
13,"대여 세트 비포 더 던 전1권/완결","비포 더 던 (전1권/완결) 세트 상품 입니다.<아수라> <노는칼> <월하강호>의 작가 한수오의 신무협소설<비포더던>평범한 사람은 알 수 없는 낮도 밤도 아닌 세상,그곳엔 현실의 붉은 속살을 여지없이 후벼 파는 이야기가 있다.힘들어도 참고 더러워도 참아야지진정 힘없는 자들을 위해 싸워 줄 이가 말라 버린 세상,저마다 간직한 순수를 파괴당한 이들의 사연이 담겨 있다.의문투성이 사내 하태웅,알아주는 주먹들도 고개를 숙이고 누구나 부러워하는학벌과 경력을 가졌으며 높으신 양반들도 ‘부탁’을 할 정도로 능력이 있지만사회의 밑바닥에서 떠나지 않는 평범한(?) 사채업자!과연 그가 겪어 내는, 살아 내는 세상은 어떠한가…….<작가 한수오>1997년 <월하강호>2001년 <용혈무궁>2012년 <비포더던>2012년 <보검박도>2012년 <노는칼>2012년 <십이소십이다>2013년 <아수라>2013년 <수라의하늘>2014년 <신검마도>2014년 <패도>2014년 <천봉>2014년 <색협>2014년 <날아가는칼>"
14,"임석재 서양건축사 2 - 기독교와 인간 - 1장 고대 바로크","총 5권으로 기획된 임석재 교수의 서양건축사 시리즈 첫 번째 권. '땅과 인간'이라는 개념 아래 원시 고대에서 로마에 이르는 시기, 땅에서 나온 인간이 땅 위에 터를 잡고 땅을 경영하며 인간만의 건축문명을 이루는 과정을 담았다. 그리스 헬레니즘에서부터 로마 문명까지를 다루고 있으며, 특히 지나치게 건축의 틀 안에 치우쳐 다루어 온 기존의 건축사 서술방식에서 벗어나 세계사와의 연계를 통해 건축사를 일반사의 영역 안으로 들여오고자 했다."
15,"신들의 도시 3","가공할 전율의 하드보일드 스토리루트미디어 현대판타지 특선작 그 세 번째!『신들의 도시』기억을 잃은 남자, 최태식하나씩 기억을 찾아가는 여정에서벌어지는 알 수 없는 사건들.뒤틀어진 세상 속에서그는 구원자인가, 파멸자인가?“내 진짜 이름을 찾는 여행이랄까?”감히 상상하지 마라.무엇을 상상하든그 이상을 보게 될 것이다.폭풍처럼 당신의 심장을 뒤흔들숨 막히도록 처절한 한 남자의 투쟁기!“집중해. 지금부터 신들의 이야기를 시작하지."
16,"나는 이산이다 22","불의의 사고, 또 다른 세계. 잃어버린 31년과 불완전한 초인. 하지만 이것은 위기가 아니다. 또 다른 기회일 뿐! 이제부터 시작이다! 월드스타 이산, 사회악을 응징하는 영웅으로 대한민국을 바꿔나간다."
17,"한국 신소설 대표작 1","『혈의 누』는 1906년 7월부터 10월까지 《만세보》에 연재됐던 이인직의 작품으로  우리 문학사상 최초의 신소설로 평가되며, 『치악산』은 이인직의 1908년 작품으로 양반 사회의 부패를 비롯한 폐습의 타파와 고부간의 갈등을 형상화한 신소설이다. 『자유종』은 1919년 <광학서포>에서 발간된 이해조 신소설의 대표작 중의 하나로, 당시의 사회상과 개화 의식이 두드러진 초기작품이다. 『금수회의록』은 1908년에 나온 안국선의 신소설로, 동물들이 토론을 하며 인류를 비판하는 토론체 우화 형식이다.   "
18,"특별대여세트 바람의 나라 SE 1~3화","세트 상품입니다.해당 도서는 대여용 eBook으로 대여기간(구매일 ~ 2015년 8월 14일) 동안만 보실 수 있습니다.대여 기간 종료 후 (2015년 8월 14일) 서재/구매목록에서 삭제 처리됩니다.바람의 나라 스페셜 에디션은 매달 1일, 15일 연재되어집니다. - 순정만화의 지평을 넓힌 걸작- 인기 온라인 게임, TV 드라마, 뮤지컬의 원작만화- 대한민국 만화대상 대통령상 수상작작품의 통일성과 완성도를 높이기 위해 작가가 기존 원고를 편집 및 재구성한 스페셜 에디션!주몽의 아들 유리왕과 그 아들 대무신왕, 그리고 손자인 호동왕자로 이어지는 고구려 왕조의 이야기가 비운의 가족사로, 그리고 정복의 대하서사로 펼쳐진다. 대물림되는 아버지와의 갈등, 왕이기에 겪어야만 하는 외로움과 상처들, 그리고 정세에 휘말린 연인들이 빚어내는 비련의 이야기에 청룡과 주작, 현무와 봉황이 등장하는 신화적 요소가 어우러져 비장미와 웅장한 울림을 전한다. * 본 작품은 한국만화영상진흥원 오픈마켓용 만화콘텐츠 재제작 지원사업을 통해 일부 원고가 디지털화 되었습니다. *"
19,"흑마법사 무림에 가다 01","박정수 판타지 장편소설『흑마법사 무림에 가다』제14권. <마법사 무림에 가다>의 작가 박정수! 이번에는 흑마법으로 중원 무림을 평정한다. 마교에서 부활한 대흑마법사 마현의 무림종횡기!작가소개무협과 판타지의 경계를 자유롭게 넘나드는 퓨전작가 박정수"
20,"대여 맥심 MAXIM 2016년 03월호","COVER 90 &lt;언프리티 랩스타&gt;에서 ‘미친개’로 센세이션을 일으킨 피에스타의 막내 예지. 사이다처럼 톡 쏘는 그녀의 매력을 공개한다.CIRCUS26 실사판 파워레인저! 인도 군의 모터사이클 묘기 퍼레이드.28 날이면 날마다 오는 게 아니야! 5년 만에 업데이트된 MAXIM 전국 미인도.30 이스트코스트의 제왕으로 살다 간 사나이, 노토리어스 비아이지.32 &lt;마이 리틀 텔레비전&gt;에서 온갖 고초를 겪은 모르모트 PD가 MAXIM에 유언을 남겼다.SPORTS34 베테랑 야구 기자 3인이 만장일치로 꼽은 대한민국 최고의 야구장은 어디?98 SPORTALK #13. 프로레슬러 김남훈. 촬영 갔다 졸도 직전에 생환한 에디터의 사연.HOW TO36 더티 잉글리시 #7. 바지 속에 들어간다고?40 노래방에서 이득 볼 수 있는 알찬 꿀팁 4.SMOKE&DRINK42 담배 필터는 뭘로 만들까? 파헤쳐 보자!GEAR44 자랑거리도 숨기기에 바쁜 요상한 기업 LG의 경천동지할 신무기, 미니빔 PH550.46 봄인데 밝은 컬러로 바꾸라고? 시끄럽다. 남자의 책상엔 무조건 흑(黑)간지 제품.OFFICE LIFE TIP50 직장 신공: 회사의 진정한 에이스, 세상의 모든 ‘대리’들을 위한 손자병법.70 즐거운 사내 연애를 위한 꿀팁 5.MOTOR58 맥심 시승기 #57. 명가(名家)의 품격을 증명하다, 캐딜락 CTSMOTOR62 강남미인도가 되어버린 자동차 패밀리룩.64 브랜드 히스토리 #11. 자동차 덕후들의 로망, 이탤리언 레이디 알파 로메오.LOVE68 “오빠 나 그러려고 만나?” 이 질문에서 출발한 연애 이야기.152 이별 징후- 그녀는 이미 할 만큼 했고 참을 만큼 참았다.160 그와 그녀의 관계는 몇 년산? 와인으로 배우는 섹슈얼리티 숙성론.164 뇌신경 전문의의 근본 있는 임상 칼럼. 섹스 중독은 병인가, 아닌가?174 남자만 야한 얘기 하냐? 우리도 한다! 여자들의 흥미진진 섹스 뒷담화 전격 공개.GAME72 게임 계의 최고 존엄, 레전드 여캐 춘리.76 아무리 재밌어도 여자 앞에선 하지 마! 플레이어 병신 만드는 게임 5선.78 맥심에 영입하고 싶은 게임 속 인재들.80 원사운드 게임 카툰: 라라 크로프트, 그녀가 돌아왔다. &lt;라이즈 오브 더 툼레이더&gt;.81 보기만 해도 수컷들을 열광케 할 게임 소식. 예쁜 여캐 있냐고? 직접 확인해 봐.AGENDA82 연애편지 잘 쓰고 싶은 사람 모여라! 카피라이터 정철이 알려주는 글쓰기 노하우.84 음악 전문 기자의 은밀한 BGM 리스트.86 MAXIM’S CHOICE #2. 맥심이 선택한 이 달의 힙합 아티스트, 래퍼 넉살&화지.HOW TO / FITNESS102 각종 예능과 SNS를 강타한 뒤태미녀 심으뜸. 인기 으뜸 맥심과 만나다.NEED A JOB?108 취업 신공 PART 1: 자기소개서 편. 채용 전문가가 알려주는 자소서 합격의 비법.MAXIM INDONESIA110 “난 이제 더 이상 소녀가 아니에요!” 아역배우 출신의 섹시 미녀, 니키타 윌리.REVENGE118 찌질하게 복수 한 번 했다가 대대손손 놀림 당한 네 명의 인물들.WHO’S THAT GIRL122 트로트 가수 조정민의 맥심 입성. 역대 급 성숙미 자랑하는 그녀의 아찔한 화보.STYLE130 새봄 맞이 훈남룩의 완성, 프레피룩.138 원탁의 탈모단: 역대 최고가 천조국 탈모 샴푸 영접기. 이건 진짜 머리 나는 거라고?140 치명적인 유혹이 오가는 습한 호텔방. 모델 서하와 미스맥심 엄상미가 만났다.146 남자의 출근 복장을 완성하는 블랙 시크 액세서리. 패션 고자를 환생시키러 왔다.149 월급 증발을 부르는 4소4색 편집숍.NOSTALGIA154 흰 블라우스, 검정 치마, 커피색 스타킹. 그 시절, 우리가 사랑한 어른 여자에 대한 추억.MISS MAXIM170 열기를 더해가는 2016 미스맥심 16강 화보. 예선 통과자 안소희, 김민선의 달콤한 매력에 빠져보라.PARTY176 초콜릿 없이도 달콤했던 미스맥심 박무비, 이시현, 정유정과의 맥심 밸런타인데이 파티.MAXIM INSIDE184 드립 제대로 나열하면 팔만대장경을 새겼을 MAXIM 독자의 제목학원을 향한 한 방!186 인터넷 아무리 뒤져도 찾을 수 없는 2016 MAXIM KOREA 공채 꿀팁. 오빠 한번 믿어봐.188 슬슬 병신력이 궤도에 오르는 아프리카 TV 맥심 채널, 그 두 번째 방송 후기.190 MAXIM KOREA 2016 신입사원 정기 공개 채용 공고. 어서 빨리 지원하시라!192 우리만 보기 아까운 사진, 여기 모았습니다. 이달의 맥심 비하인드 컷."
21,"대여 파황 8권 3","무공에 미쳐 살던 고독한 인생 파황!그가 세상에 욕심을 부리기 시작했다.무림 최고수라는 천마를 거꾸러뜨린 후 찾아온 죽음의 위기!이세계 문명이 탄생시킨 초자아 인공지능 트리스탄의 도움으로몸을 사라졌지만 두뇌는 살아남아1천5백 년이란 기나긴 세월 동안 무공만을 연구한다.마침내 금지된 미완의 사술, 이혼대법을 완성시켜판타지 세계에서 어린 소녀의 몸으로 부활한다.트리스탄과 함께 대륙을 누비는파황의 거칠것 없는 폭주가 시작되었다.두 번 사는 인생, 폼나게 제대로 살아보자!이제 누구도 그를 막을 수 없다."
22,"잠룡승천 1","무선(武仙) 장삼봉이 남긴 것은 태극검과 태극권!태극혜검(太極慧劍)으로 세상에 우뚝 선 무당.태극혜검을 익힌 자는 곧 천하제일(天下第一)을 다투고!태극권(太極券)을 익힌 자는 강호의 그늘로 사라진다!무당에서조차 그 명맥이 희미한 태극권이강호무림(江湖武林)에 무선으로 다시 일어선다.태극권에 숨어 있는 무선의 비법(秘法)이 밝혀진다...."
23,"잠룡승천 3","무선 장삼봉이 남긴 것은 태극검과 태극권. 태극혜검으로 세상에 우뚝 선 무당. 태극혜검을 익힌 자는 곧 천하제일을 다투고, 태극권을 익힌 자는 강호의 그늘로 사라진다. 무당에서조차 그 명맥이 희미한 태극권이 강호무림에 무선으로 다시 일어선다. 태극권에 숨어 있는 무선의 비법이 밝혀진다! 만련자의 신무협 장편 소설 『잠룡승천』 제 3권."
24,"Understanding the Religions of the World","<p><i>Understanding the Religions of the World</i> offers a new approach to the study of religion which moves away from the purely descriptive and instead helps students understand how religions actually ‘work’. Covering all the main faith traditions, it combines historical context, contemporary beliefs and practices, and original theory, with numerous study features and valuable overviews.<br /><br /></p> <ul> <li>A major new student-focused textbook concentrating on contemporary practices and beliefs of world religions</li> <li>Brings together a team of experts to provide a uniquely comprehensive coverage of religious traditions, including African religions and the religions of Oceania, which are rarely covered in detail</li> <li>Integrates original theory by arguing that each religion operates according to its own logic and order, and that they fulfill our need for a point of orientation</li> <li>Incorporates extensive student features including chapter introductions, ‘did you know?’ sections, boxed examples/material, numerous images and maps, conclusions, study questions and?teaching plans, available on publication at <a href=""http://www.wiley.com/go/deming"">www.wiley.com/go/deming</a></li> </ul>"
25,"Veterinary Dentistry for the Small Animal Technician","<i>Veterinary Dentistry for the Small Animal Technician</i> is an introductory, step-by-step guide that addresses the delicate mechanics of dentistry, the patient's needs, and the client's education. Topics covered include: <ul> <li> <div>Basic oral and dental anatomy</div> </li> <li> <div>Maintaining dental equipment and supplies</div> </li> <li> <div>Taking diagnostic X rays</div> </li> <li> <div>In-depth discussion of periodontal disease, including gingeval hyperplasia, feline stomatitis, and feline resorptive lesions</div> </li> <li> <div>Performing the dental prophy and creating dental charts</div> </li> <li> <div>Safe administration of anesthesia and postsurgical support</div> </li> <li> <div>Reviews of extractions, periodontics, orthodontics, prosthodontics, and restorative dentistry that aid the technician in understanding what is being done and how to assist</div> </li> <li> <div>Client education, including handouts explaining periodontal disease, dental proceedures, and postdental care for their pets</div> </li> </ul> <p>More than 100 figures are included to?illustrate dental anatomy and procedures. Also included are appendices on related books, veterinary dental associations, dental abbreviations of the American Veterinary Dental College, guidelines on what dental care the technician is qualified to perform, and a list of dental suppliers.</p>"
26,"내 행운 Max 3-3","불운의 아이콘 영민, 각성으로 행운 수치 Max가 되다! 추락의 순간 헌터 각성으로 살아난 영민 한데... 추락하며 깔아뭉갠 것이 세상을 구하기 위해 회귀한 헌터라고? 회귀자의 기억과 능력을 흡수한 행운 Max의 헌터, 영민의 이야기가 시작된다!"
27,"대여 히든커넥션 6권 3","6권1. 빠하르간지의 친구라고?2. 구경만 했다니까3. 내가 딱이지?4. 어럽쇼?5. 우리는 죽기도 힘들다6. 집 나가면 개고생이다!7. 까라면 까라8. 멀티 캐스팅&멀티 스타트9. 게임사를 규탄한다!10. 오빠, 달려!"
28,"세트 스탯 뻥튀기 탱커 총8권/완결","스탯 뻥튀기 탱커 (총8권/완결) 세트 상품 입니다.지금 세상은 게임에 빠져 있다.회사.그곳이 만든 게임이 세상을 삼켰고, 각성자가 나타나기 시작했다. 그리고 회사는 어딘가에 숨어서 세상과 차원홀을 통제하고 있는 중이었다.회사가 만든 최대의 비밀, 뻥 프로젝트.짐꾼인 남호는 모두가 꽝일 거라 생각하고 버린 스킬북을 얻는데…….[스탯이 뻥튀기되었습니다!]‘꽝이 그 꽝이 아니고 폭발한다는 소리였어?’‘이, 이거 사긴데?’꽝이란 스킬북을 펼치는 순간 뻥튀기 프로젝트가 시작된다!"
29,"드래곤 메디션 5 완결","HYG 대륙에서 유희 중이었던 실버 드래곤 카르스타. 텔레포트 사고로 인해 21세기의 지구에 불시착하다.사람들에게 존경받는 직업인 의사. 그 존경을 상징하는 순백의 가운. 하지만 카르스타는 대한민국의 의사들을 보고 경악했다.“이런 돌팔이들을 봤나! ‘고작’ 위암 말기 ‘따위’도 못 고친단 말이야? 내가 함께 유희했던 인간 사제 녀석은 오거한테 도끼로 쳐 맞아서 대갈통 터진 녀석도 살려냈어. 힐링 포션이 뭔지도 모르는 것들이 사람을 살리겠다고 설치다니! 가운 내놔! 내가 의사 할게."
30,"붉은 제국 5 완결","제1장 선포된 영지전! 제2장 영지전 준비 제3장 사이냐, 초원을 달리다 제4장 엘란의 결심! 제5장 벅스! 베론의 품에 잠들다 제6장 초원의 별 장원의 전투 (1) 제7장 초원의 별 장원의 전투 (2) 제8장 골드 드래곤 파이른! 제9장 마족 군단의 침공! 제10장 은의 비는 내려라! 제11장 태양왕! 엘란"
31,"The Viewless Dark","When Anthony found Flo dead, locked overnight in one of the reading rooms of the university library, he knew it must have something to do with Mary Prestosa, a fourth-year graduating Philosophy student whom they had been investigating. Mary, who surprised her roommate one night by suddenly standing up from her bed, throwing the windows open, and jumping down headfirst to the dormitory grounds below. Mary, whose memory marked the trail of mysterious deaths and bizarre occurrences that followed her own fateful fall: the fifth-year Computer Engineering student who prowled the campus on all fours, thirsty for blood, believing he was a wolf; the revelation of an all-girls satanic cult; the demonic possession of a fourth-year student from the Department of Psychology; and now?Flo, dead. The students traced it all to Mary. They believed Mary didn’t commit suicide. They believed Mary tapped into something dark, and released it, and was consumed. And Anthony was determined to pry out the truth."
32,"명화로 읽는 서양미술사 - ART@CULTURE","책머리에 그림은 읽는 것이다&lt;br&gt;01 예술은 철학인가?&lt;br&gt;02 현실 세계의 발견&lt;br&gt;03 영원성의 상징&lt;br&gt;04 신비의 미소와 휴머니티의 표현&lt;br&gt;05 플라톤의 이데아 재현&lt;br&gt;06 모성의 전형인 성모, 그리고 이성을 향하여&lt;br&gt;07 과연 매너리즘인가?&lt;br&gt;08 예술의 본질―감성인가 이성인가?&lt;br&gt;09 서정적 휴머니즘의 묘사로서의 예술&lt;br&gt;10 에로티시즘의 미학인가? 인간 애환의 표현인가?&lt;br&gt;11 예술인가 해부학인가?&lt;br&gt;12 감성, 그 광기의 분출&lt;br&gt;13 죽음과 혁명의 향연&lt;br&gt;14 예술인가 이데올로기인가?&lt;br&gt;15 예술의 진실을 찾아서&lt;br&gt;16 예술의 언어로서의 빛과 색의 발견"
33,"실용위의 실용서 Plantation","우리가 흔히 하기 쉬운 오류 중의 하나가 기획서와 프리젠테이션을 별개로 생각하고 훈련하는 것이다. 하지만 이 두 가지는 떼려야 뗄 수 없는 관계이고 함께 조화를 이룰 때 더욱 강력한 효과를 발휘할 수 있다. 이 책은 고정관념에 치우쳐 오늘도 재미 없는 기획서와 지루한 프리젠테이션을 하고 있을지 모르는 당신에게 지금까지 알지 못했던 즐거움을 가져다 줄 것이다. 이 책에서 가장 중요시하는 것은 기존의 고정관념을 깨는 발상의 전환이다. 우리 나라가 기술은 좋으나 창의력(創意力)이 부족하다는 것에 대해 상당히 분개하는 사람 중에 하나다. 문화와 환경에 의해서 어쩔 수 없이 그렇게 길들여진다는 것이 못내 속상하다. 당신이 고정관념을 깨고 창조적인 기획자가 되기를 바라며 생명력 있는 Presentation을 제시하고 있다."
34,"열린책들 세계문학 217-마의 산 상 170세트","""독일 현대 문학의 거장 토마스 만의 정치적 사상 전환을 엿볼 수 있는 대표작1929년 장편소설 『부덴브로크 가의 사람들』(1901)로 노벨 문학상을 수상한 토마스 만은 〈『마의 산』이 없었다면 노벨 문학상을 수상할 수 없었을 것이며, 『마의 산』이야말로 이 상에 더 적합한 작품이다〉라고 말했다. 『마의 산』은 토마스 만이 폐렴 증세로 다보스의 한 요양원에서 요양 중이던 아내를 방문해 3주를 보낸 실제 체험을 바탕으로 쓰였다. 원래 단편으로 구상되었으나, 집필 중 제1차 세계 대전을 겪으면서 갖가지 명상이 곁들여져 토마스 만 스스로도 예상치 못했던 방대한 분량의 장편소설로 탄생했다. 『마의 산』 집필을 시작할 당시만 해도 보수적인 정치사상을 피력했던 토마스 만은 『마의 산』의 완성 단계에 이르러 민주주의와 진보에 대해 능동적으로 옹호하는 등 정치적 사상 전환을 맞이한다. 토마스 만의 정치적 개안은 『마의 산』에도 자연스럽게 드러나는데, 이런 점에서는 전전(戰前) 또는 전후(戰後) 유럽 사회의 문제들을 중심으로 선회하는 시대 소설로도 큰 의미를 지닌다.    """
35,"대여 서클 2권 2","마법사들의 비밀 연구실에서 심부름을 하던 노예 형제 파츠와 티스어느 날 정체불명의 무리가 연구실을 습격해 오고티스는 형 파츠의 손에 이끌려 목숨을 건 탈출을 나서는데……“형을 믿어, 티스. 널 노예로 살게 하진 않겠어.”긴 추격전 끝에 형과 헤어져 홀로 남은 티스형을 잡아간 정체불명의 집단에 맞서기 위해마법 도시 매지트와 손을 잡고치열한 암투와 음모, 그 전장의 한복판으로 뛰어들다!“형을 위해서라면 악마라도 되겠어!”마계 생물 자칼을 타고 불꽃과 얼음의 검을 휘두르는전장의 사신이 온다! "
36,"세트 화염마제 총15권/완결","화염마제 (총15권/완결) 세트 상품 입니다.그는 많은 것을 바라지 않았다.정해진 운명보다는 스스로 선택할 수 있는 자유를 원했을 뿐.반골이라는 소리를 듣고 자란 청룡호법의 후계 백무룡.그에게 닥친 처절한 사투와 역경 속에서 쌓이는 화염.그렇게 불의 전설이 시작되었다!"
37,"The Field Guide to the 6Ds","Practical guidelines for implementing the six disciplines of breakthrough learning <p><i>The Six Disciplines of Breakthrough Learning</i> has become a standard for companies serious about increasing the return on their investment in learning and development. Now the authors help workplace learning professionals apply the concepts of their bestselling book. With real-world applications, case studies, how-to guidelines, and practical advice and examples for implementing the 6Ds, <i>The 6Ds Fieldbook: Beyond ADDIE</i> will help organizations substantially increase the return on investment and decrease ""learning scrap,"" the potential value that goes unrealized in many learning and development initiatives.</p> <ul> <li>Helps OD professionals apply the concepts of the bestselling <i>Six Disciplines of Breakthrough Learning</i></li> <li>Includes all new case studies, examples, tools, and best practices in use by organizations that have successfully used the 6Ds</li> <li>Taps into the experience and expertise of 6Ds practitioners</li> </ul> <p>Linking to social media to enhance the lessons of the book, <i>The 6Ds Fieldbook</i> is an easy-to-use and widely-applicable guide to getting the most from learning and development.</p>"
38,"대여 마담 티아라 2권","1부 패전국의 영애 7장 엉키는 실타래 (下) 8장 시작과 끝이 만나는 곳에서 (上) 9장 시작과 끝이 만나는 곳에서 (下) 10장 신고식 (上) 11장 신고식 (下) 12장 각자의 움직임 (上)"
39,"암을 이기는 신비의 상황버섯 다당체","머리말 1 버섯 2 환상의 버섯 상황버섯이 항암 특효인가 3 항암 특효 상황버섯의 검증 4 사람은 어떻게 암이 생기는가 5 상황버섯의 장관면역 활성의 메카니즘과 암의 세포사 6 조정제 다당체의 면역 항암 활성과 추출물의 인체암세포주의 억제율 7 성인병을 다스리고 간장을 보호하는 버섯 8 생체리듬의 활성화와 만성병, 난치병에 대한 버섯의 효과 9 다당체 베타글루칸의 구조와 생물활성 10 상황버섯의 균사체 배양 및 재배 11 무엇이든지 알고자 하는 상황버섯 관련 질문 및 응답 부록 - 체험담"
40,"위풍당당 기러기 엄마 미국생활 따라잡기","저자가 기러기 엄마로서 두 아이들과 3년간의 미국생활을 통해 현지에서 직접 경험하고 느끼고 알게 된 생생한 내용들을 엮었다. 미국에 처음 도착해서 집을 구하고 차를 구입하는 방법, 운전 면허증 따는 법, 은행이나 세탁소 이용하는 방법 등 현지정착에 필요한 정보들, 아이들의 학교 입학과정, 교과과정, 친구들과의 학교생활, 방과후 활동 등 기러기 엄마를 계획하는 이들이 반드시 알아야 할 내용들이 꼼꼼하게 담겨 있다."
41,"내일을 기다리는 아이","2200km를 건너 절망에서 희망으로!세상에 마음을 닫고 자신만의 세계에서 사는 자폐장애 소년과소년을 세상으로 끌어오기 위한 전문가 선생님들의 눈물과 감동, 희망의 기록!“조금 느려도, 천천히 자라도 괜찮아요!”한국계 중국인인 민수는 세 살이 되었는데도 말은커녕 다른 사람과 눈맞춤도 할 줄 모르는 아이였습니다. 중국에서 자폐장애 진단을 받은 민수의 치료를 위해 어머니는 연고도 없는 한국으로 건너왔습니다. 이런 모자를 돕기 위한 주변 사람들의 선의가 이어져 민수는 우리나라 최초로 관련 전문가(소아정신과 전문의, 전문치료사, 통합교육 어린이집)들이 협의체를 구성하여 치료한 사례아동 1호가 되었습니다.자폐스펙트럼 장애아동을 치료한다는 것은 자신만의 세계에 숨은 아이를 세상으로 끌어오기 위한 치료와 교육의 연속입니다. 다양한 분야의 전문가들이 통합전문가회의를 통해 치료했지만 민수는 쉽게 마음을 열지 않았습니다. 게다가 또래 친구를 때리고 밀치는 것을 놀이로 받아들이는 민수를 좋아하는 친구도 없어서 민수는 늘 외톨이였습니다.민수가 자신만의 세계에서 빠져나오기까지는 3년, 1000일의 시간이 필요하였습니다. 그동안 민수는 서서히 자신의 감정을 내비치고 타인의 감정을 읽으며 부정확했지만 말도 하기 시작했습니다. 하지만 늘 발전만은 없는 법, 치료 중 저항기와 반항기가 찾아오면 민수는 원점으로 돌아가 싸우고 반항하기를 반복했습니다. 1000일의 시간, 그 곁에는 오직 민수만을 위해 24시간을 바친 어머니가 있었고 우리나라에서는 최초로 협의체를 구성하여 열성적으로 민수를 도운 전문가 선생님들이 있었으며 민수의 다름을 차츰 이해하고 받아들인 또래 친구들이 있었습니다.이 책 『내일을 기다리는 아이』는 민수의 장애 진단부터 치료의 전 과정을 함께한 한양대학교 의과대학 정신건강의학과 안동현 교수와 아이코리아 아동발달교육원 박랑규 원장의 시점으로 쓰여져, 민수의 치료를 맡은 전문가들과 민수 그리고 어머니의 눈물과 희망, 갈등을 함께 엿볼 수 있습니다. 또한 각 장이 끝날 때마다 전문가 코너를 덧붙여, 이와 같은 장애를 앓는 아동과 그 가족들이 가진 궁금증을 해결하는데 큰 보탬이 될 것입니다. 자폐스펙트럼 장애를 이겨낸 민수의 이야기는 같은 장애를 가진 아동들에게는 더 나은 내일을 꿈꾸게 하는 힘이 될 것입니다. 또한 장애는 동정의 대상도, 편견의 대상도 아닌 조금 다름을 인정하는 것임을 우리에게 알려줍니다."
42,"내일을 기다리는 아이","자폐스펙트럼 장애란 무엇인가?자폐증이란 언어적·신체적·사회적으로 타인과의 상호작용 능력이 현저히 떨어지는 신경발달 장애를 말하는 것으로 전반적 발달장애에 속합니다. 이 전반적 발달장애 안에는 증상과 정도가 조금씩 다른 하위 장애가 포함되어 있는데 이는 자폐성 장애를 가진 아동들이 가진 각자의 특성과 살아온 환경, 물려받은 유전자, 가정 안에서 받은 교육 환경 등이 다르기 때문에 이러한 여러 요소가 더해져 다양한 성향을 보일 수 있음을 의미합니다. 이처럼 다양한 증상의 발달장애를 예전에는 ‘자폐증’이라는 한 단어로 표현했지만, 최근에는 눈으로 보면 한 가지 색으로만 보이는 햇빛이 프리즘을 통하면 다양한 색으로 분산되어 보이는 것처럼 자폐를 가진 아동들도 그 증상과 성향이 모두 조금씩 다름을 인정하여 ‘자폐성 장애’라는 말에 ‘스펙트럼’이라는 용어를 더하여 ‘자폐스펙트럼 장애’라는 용어를 사용하고 있습니다.자폐스펙트럼 장애의 대표적인 증상은 얼굴에 표정이 거의 없고 신체 접촉에 반응하지 않으며 부모와 떨어져도 애착 반응을 보이지 않는 것입니다. 또한 또래 집단에 전혀 관심이 없어 혼자 노는 것을 좋아하고 말은커녕 옹알이도 제대로 하지 못합니다. 만약 아이가 이러한 증세를 보인다면 하루라도 빨리 전문가의 진단을 받아 치료를 시작하는 것이 좋습니다. 자폐스펙트럼 장애를 일찍 발견하여 빨리 치료할수록 이후 발달에 커다란 영향을 미치기 때문입니다.민수 역시 자폐스펙트럼 장애의 대표적인 증상을 대부분 가지고 있었지만, 비교적 빠른 시기에 장애가 발견되었고 신뢰할 수 있는 전문기관에서 적절한 치료를 받은 덕분에 지금은 전문가가 아닌 사람들이 보면 자폐스펙트럼 장애가 있다는 사실을 알아차리지 못할 정도로 큰 효과를 보았습니다. 말은커녕 눈맞춤도 할 줄 몰랐던 민수는 현재 중국에 있는 한국계 학교에 입학해 말도 잘하고 글씨도 또렷하게 쓰는 등 씩씩하게 초등학교 생활을 잘 해나가고 있습니다.자폐스펙트럼 장애치료의 모범적 치료모델, 통합전문가회의통합전문가회의는 우리보다 먼저 자폐스펙트럼 장애에 대한 치료방법을 연구한 하버드 의대를 비롯하여 많은 자폐스펙트럼 장애 치료연구소가 가장 이상적인 치료모델로 제안한 방법입니다. 지금까지 개별적으로 진행되었던 놀이치료 교육과 의학치료 및 또래 집단 유아교육을 통합하여 자폐스펙트럼 장애아동을 치료하는 것으로, 각 분야의 전문가들이 모두 모여 정기적으로 회의한 후 아동의 상태를 공유하고 이 자료를 바탕으로 추후 치료 계획을 세우고 실행하는 방법입니다. 또한 회의 결과와 치료계획을 부모에게 설명하고 동의를 구하는 등 부모도 치료팀의 일원으로 적극적으로 참여시키기 때문에 장기적으로 지속하면 큰 효과를 얻을 수 있습니다. 그러나 시간과 비용이 많이 들어서 현실적으로 실현되지 못한 아쉬움이 있었습니다.하지만 민수의 경우, 발생할 수 있는 수많은 문제와 어려움을 극복하고 우리나라 최초로 통합전문가회의(한양대학교 정신건강의학과 안동현 교수, 아이코리아 발달교육원 박랑규 원장, 아이코리아 전문치료사, 통합교육 시범 버들어린이집)를 통해 자폐스펙트럼 장애를 치료한 사례 아동이 되었습니다. 이것이 가능했던 이유는 민수의 치료를 위해 중국의 가족과 헤어져 아이와 단둘이 낯선 서울에서의 생활을 선택한 민수 어머니의 과감한 결단에 조금이라도 더 도움을 주고자 했던 주변 사람들의 선의가 이어졌기 때문입니다. 민수의 어머니와 아이코리아 아동발달교육연구원 및 한양대학교 의과대학 정신건강의학과, 그리고 아이코리아 버들어린이집 사람들의 마음과 의지가 모여 이룬 커다란 기적이었습니다.통합전문가회의는 민수뿐만이 아니라 각 분야의 전문가들에게도 잊지 못할 벅찬 감동을 주었습니다. 다른 영역의 전문가들은 물론 아이의 부모도 참여해 꾸준한 토론과 회의 및 소통을 할 수 있었고, 이는 한 아이의 전반적인 치료와 발달 사항을 함께 공유함으로써 더욱 깊이 있는 치료방법을 모색할 수 있는 모범 사례가 되었기 때문입니다.내 아이를 더 잘 키울 수 있는 지침서!자폐스펙트럼 장애아동의 일상은 금지와 제시로 이루어진 지시상황의 연속입니다. 반응이 없고 무관심해 보이는 자폐스펙트럼 장애아동이라도 금지와 제시로 인한 억압적 분위기가 계속되면 마음에 점점 응어리가 맺히고 쌓여 결국 공격적인 행동으로 폭발해 부모를 힘들고 아프게 하는 일이 많습니다.이 책의 저자 박랑규 원장은 자폐스펙트럼 장애아동의 부모가 잊지 말아야 할 지침을 알려줍니다.첫째, ‘여유를 가지며 참고 기다리기’입니다. 또래 아동보다 신체적·정서적으로 발달이 많이 떨어지는 자폐스펙트럼 장애아동은 일반 아동들이 자연스럽게 할 수 있는 일상생활 행동도 힘들어 하며 잘 못하는 경우가 많습니다. 그래서 행동을 순서별로 나누어 하나하나 가르쳐야 합니다. 이 과정에서 부모가 인내심과 여유가 부족하여 아이에게 화를 내고 윽박지른다면 자폐스펙트럼 장애치료는 결코 성공적으로 이루어질 수 없습니다.둘째, 아이에게 늘 ‘칭찬’을 해주는 것입니다. 일반아동과 마찬가지로 장애아동을 키우는 데도 역시 ‘칭찬의 힘’이 크게 작용합니다. 저자는 부모에게 ‘칭찬 일기’를 쓰는 것을 추천합니다. 자폐스펙트럼 장애치료는 힘들고 긴 여정입니다. 그 과정에서 아이의 행동에 좀 더 집중할 수 있고 작고 소소하지만 하나라도 더 감사하고 칭찬할 점이 많다면 힘들고 지루한 그 기간을 좀 더 버티고 인내할 수 있을 것이라고 저자는 말합니다.셋째, 자폐스펙트럼 장애아동에게 말을 걸 때는 차분하고 부드러운 목소리로 천천히 긍정형 문장으로 하라고 조언합니다. 자폐스펙트럼 장애아동은 부정형 명령어는 잘 이해하지 못하므로 긍정형 문장으로 이야기하면 아이가 좀 더 상대방의 말에 귀를 기울이고 반응할 것이라는 조언도 함께 주고 있습니다. 이 밖에도 부모가 직접 집에서 치료교육을 할 수 있는 음악치료나 미술치료 같은 놀이치료에 대한 이야기와 자폐스펙트럼 장애에 부모가 어떻게 대처해야 하는지, 사회적으로 어떤 지원을 받을 수 있는지에 대한 다양한 조언이 ‘전문가 코너’에 담겨 있으니 참고할 수 있습니다."
43,"열정의 조각가 로댕 - 만화 디스커버리","현대의 미켈란젤로, 조각의 거장이란 화려한 말이 뒤따랐던 천재 조각가 로댕. 차가운 조각들 속에 인간의 고뇌와 열정을 불어넣었던 그는 사실 전문적인 정규 교육조차 받지 못했었딥니다. 가난 때문에 원하지 않던 일을 하면서 생활을 이어 간 로댕이지만 그는 자신의 재능을 믿고 죽음에 이르는 날까지 끊임없이 작품 활동을 했지요. 근대조각을 대표하는 대가로서 서양 미술사에 거대한 획을 그은 열정의 조각가 로댕의 예술 세계를 함께 살펴보아요."
44,"죽근의원 03권","불치병의 아들을 위해 구한 의서그 속에서 발견한 심법은 아들과 연이 닿아버리고…대나무의 뿌리처럼 곧게 자라리니의원이 되기 위해 천하제일인의 무공도 버렸다!죽근의원 앞에서는 부도 권력도 무력도 없다!의술로 환자의 병을 치료하고무술로 마음의 병을 치료하는 의원이 여기 있다!"
45,"흑마법사 무림에 가다 03","박정수 판타지 장편소설『흑마법사 무림에 가다』제16권. <마법사 무림에 가다>의 작가 박정수! 이번에는 흑마법으로 중원 무림을 평정한다. 마교에서 부활한 대흑마법사 마현의 무림종횡기!작가소개무협과 판타지의 경계를 자유롭게 넘나드는 퓨전작가 박정수"
46,"세트 퇴마행 총4권/1부 완결","퇴마행 (총4권/1부 완결) 세트 상품 입니다.삶과 죽음, 이제 그 금단의 문이 열린다! 장준우 퇴마소설『퇴마행』. 망자의 한과 넋을 위로하는 퇴마사들의 이야기를 그리고 있다.  어느 날 갑자기 퇴마사의 운명에 휩쓸린 평범한 사람들.  그들은 산 자와 죽은 자의 경계를 어지럽히는 한(恨)을 위로한다.  몰랐던 힘을 자각한 그들은 운명에 절망하는 대신, 오히려 힘을 내어 자신들이 가야 할 길을 걸어간다. 자식의 운명을 바꾸기 위해 벌어진 어미의 간절한 굿판. 그러나 그 업으로 인해 아이는 장차 귀문(鬼門)을 열게 된다.  그리고 수십 년 후, 고고학과 교수가 된 아이 은우는 죽은 자와 마주한다.  한편, 은우의 후배인 범죄심리학과 교수 민지는 평범한 삶을 살다가 우연히 '병원사건'에 휘말린다.  은우와 한 고아원에서 자랐지만 입양되면서 헤어진 친구 지현도 그 사건에 휘말리고, 천부적 재능을 가진 최연소 퇴마사 한울까지 합세하는데…."
47,"세트 더 기븐The Given 총5권/완결","The Given (총5권/완결) 세트 상품 입니다.풍령인 작가의 더 기븐은 꽤 오래 묵은 작품이다. 작가가 영국 유학시절 축구에 눈을 뜨게 되면서 적게 된 이 이야기는 당시 수많은 독자들이 열광했던 “축구이야기”라는 소설과 같은 시기 같이 주목받았던 소설이며, 이제야 그 첫 번째 이야기가 선을 보이게 된 것이다. 세계를 무대로 둥근 공 하나, 꿈을 향한 열정으로 잔디장을 누빈 젊은 청춘들의 성장 이야기."
48,"맨발의겐4 할인","""무슨 일이 있어도 살아야 해.. 살아남을 거야!"" 겐과 가족들은 살 집을 찾아 아리저리 해맸다. 먹을 것을 구하지 못해 온 식구들이 영양실조에 걸렸다. 개를 잡아먹든 도둑질을 하든 뭐든 해야 했다. 결국 어리 류타는 살인을 하고 경찰에 쫓기는 신세가 되는데..."
49,"대여 서클 3권 2","마법사들의 비밀 연구실에서 심부름을 하던 노예 형제 파츠와 티스어느 날 정체불명의 무리가 연구실을 습격해 오고티스는 형 파츠의 손에 이끌려 목숨을 건 탈출을 나서는데……“형을 믿어, 티스. 널 노예로 살게 하진 않겠어.”긴 추격전 끝에 형과 헤어져 홀로 남은 티스형을 잡아간 정체불명의 집단에 맞서기 위해마법 도시 매지트와 손을 잡고치열한 암투와 음모, 그 전장의 한복판으로 뛰어들다!“형을 위해서라면 악마라도 되겠어!”마계 생물 자칼을 타고 불꽃과 얼음의 검을 휘두르는전장의 사신이 온다! "
50,"단천혈룡 4권 : 여혼 신무협 장편소설","제 1 장 밤을 기다리는 사람들제 2 장 의리의 이름으로제 3 장 질주, 그리고 추격제 4 장 화염에 일그러진 운명제 5 장 떠난 사람, 남은 사람제 6 장 잃어버린 기억을 찾아서"
51," 미즈 속삭임 총55화/완결","""[미즈] 속삭임 (총55화/완결) 세트 상품입니다.""""왜… 여고생끼리는 사랑하면 안 되는 거지?""""우등생으로 유명한 여고생 스미카에게는 남에게 말할 수 없는'은밀한' 비밀이 있다.그것은 동급생 우시오를 진심으로 '사랑'한다는 것 우시오도 '여자를 좋아하는' 아이지만 스미카의 마음을 전혀 눈치채지 못하는데…살짝 특이한 연애관을 가진 여고생들의 달콤쌉싸름한 사춘기를 산뜻하게 그린 학원드라마 SasamekikotoⓒTakashi Ikeda 2007 Allrights reservedEdited by MEDIA FACTORYFirst published in Japan in 2007 by KADOKAWA CORPORATION,Tokyo Korean version published by NEXCUBE, Inc. under license from KADOKAWA CORPORATION,Tokyo."""
52," 키드 아이 럭! 총23화/완결","""키드 아이 럭! (총23화/완결) 세트 상품입니다.“너를 웃게 해줄 거야-!!!”비웃음당하는 것이 세상에서 제일 싫은 토하토 고교의 성난 금사자,야오이 킨지로는 나날이 쌓아가던 원한의 화살이 소꿉친구 에자키에게 향해버려그녀의 웃음을 빼앗아버리고 만다.그런 친구의 웃음을 되찾아주기 위해 갖은 애를 쓰던 야오킨이 찾아낸 단 하나의 희망,그것은 바로 ‘오오기리 대회’였다-!!!"""
53,"대통령 경호원들의 영원한 사부","책을 내면서   제1장 특공무술, 경호무술로 자리잡다  제2장 대통령을 감탄시킨 무술 시범  제3장 내 아내는 아름다운 철선녀  제4장 내공과 외공이 결합된 특공무술  제5장 청와대 무술사범으로 살아온 25년"
54,"콩닥 콩닥","에피루스 베스트 로맨스소설! 소녀는 석고상처럼 굳어 슬픈 눈동자로 자신을 보다 애써 시선을 피하는 남자를 보았다. 바지주머니에 손을 찔러 넣고 슬픔을 이기려고 냇물을 바라보고 있었다. 소녀는 자신에게서 묶였던 시선을 돌리는 그의 발밑으로 시선을 주었다. 검정색 구두가 반질거리며 흙조차 묻지 않은 듯 깔끔해보였다. 소녀는 천천히 조심스럽게 발길을 옮기다 남자와 가까워질수록 심장이 콩닥거려 걸음을 떼기 힘겨웠다. ‘이상해. 이젠 병이 다 나았는데 심장이 마구 뛰어.’ 소녀는 콩닥거리는 가슴을 누르려 두 손으로 X자를 만들어 가리고 잰 걸음으로 발을 떼었다. 그래도 여전히 심장이 콩닥거려 병이 난 듯 역하게 뛰었다. ‘왜 이러지.’ 소녀는 자신의 심장에 이상이 생긴 것 같아 겁이나 급기야 뛰었다. 긴 구름다리를 뛰어 남자의 곁을 지나칠 때는 숨을 참으며 스쳤다. 달리다 남자를 지나치자 콩닥거리던 심장이 조금씩 가라앉는 것을 느꼈다. 그제야 소녀는 남자를 힐끗 돌아보았지만 여전히 남자는 구름다리 초입에 서있었다. 남자의 뒷모습조차도 슬프게 보이는 것은 왜일지 모르겠다. 소녀는 마음이 가라앉자 다시 부모님이 계신 전각으로 바삐 뛰었다. 조금 멀리 전각을 오르는 계단이 보여 급한 마음에 달렸다. “어어!” 소녀는 하마터면 직각으로 생긴 계단의 모서리에 이마를 찧을 뻔했는데 다리가 먼저 삐끗하는 바람에 이마를 찧지는 않았다. “아야!” 소녀는 무릎을 찧어 아픔이 있었지만 굽혀진 무릎을 세우며 일어섰다. 일어서려 힘을 주는데 방금 깨진 무릎이 아파 절뚝거렸다. “괜찮아?” “어?” 소녀는 무릎이 아파 절뚝대며 일어서는데 누군가가 자신의 허리를 강하게 잡아 일으켜주어 뒤돌아보았다. 자신의 허리를 잡아준 사람은 구름다리 초입에 서있던 남자였다. 남자는 어느새 뒤쫓아 자신을 부축해주고 있었다. 순간 자신의 잘록한 허리를 잡아준 남자를 보자 다시 심장이 역하게 콩닥거려 숨을 참았다. ‘후읍.’ 소녀는 당황스러웠다. 자신의 심장을 뛰게 만든 남자의 손에 허리가 감겨 있었다. 어찌나 심장이 콩닥거리는지 모르겠다. 소녀는 당황스러움에 숨 참는 것을 남자에게 들키지 않으려고 괜히 차갑게 굴며 쏘듯이 내뱉었다. “허리 놓아주세요. 괜찮아요.” “?” 남자는 어린아이가 넘어져 많이 다친 것 같아 일으켜 세워주었다. 그런데 꼬마는 자신에게 벌처럼 톡 쏘며 새침하게 굴었다. 꼬마의 불손한 행동에 어이가 없었다. 친절을 불쾌하게 받아들이는 꼬마를 자세히 보니 매우 당돌하게 생겼다. 그는 꼬마의 말대로 자신이 붙잡고 있는 허리를 얼른 놓아주었다. 그러다 소녀의 얼굴을 보고 그만 자신도 모르게 피식 웃어버렸다. “미안. 불쾌했구나."
55,"기능 상담소 1권 ","세상엔 정신적 이유로 인해 육체적인 기능이 제대로 작용하지 못하는 사람들이 있다.나는 그런 사람들을 치료해주는 기능향상정신건강의료원 줄여, 기향정신병원 원장 최부진 의학 박사.하지만 정작 나의 성생활은?그런 부진을 찾아온 발기부전환자 성훈. 비뇨기과에서도 치료하지 못한 그의 사연은 무엇일까? 부진은 그를 치료하는데 성공할 것인가? "
56,"대여 서클 2권 1","마법사들의 비밀 연구실에서 심부름을 하던 노예 형제 파츠와 티스어느 날 정체불명의 무리가 연구실을 습격해 오고티스는 형 파츠의 손에 이끌려 목숨을 건 탈출을 나서는데……“형을 믿어, 티스. 널 노예로 살게 하진 않겠어.”긴 추격전 끝에 형과 헤어져 홀로 남은 티스형을 잡아간 정체불명의 집단에 맞서기 위해마법 도시 매지트와 손을 잡고치열한 암투와 음모, 그 전장의 한복판으로 뛰어들다!“형을 위해서라면 악마라도 되겠어!”마계 생물 자칼을 타고 불꽃과 얼음의 검을 휘두르는전장의 사신이 온다! "
57,"대여 세트 괴수 전7권/완결","* 본 상품은 세트 eBook입니다.<바람의 마도사>의 작가 김근우!그의 또 다른 세상에 관한 이야기.한국 전래동화에 기반한 소설로 상상의 동물 해태와 기린, 꼬리달린 여우, 산신령 등을 주인공으로 한 점이 돋보인다. 고대 밀우의 제2대 왕 무성은 해태 파티카와 함께 요괴들을 물리쳐 인간을 세상의 주인으로 만들고, 파티카는 위대한 수호신으로 남는다.무성이 죽은 지 3천 년이 지난 어느 날, 준동을 시작한 요괴들을 퇴치하기 위해 라우징 강변으로 갔던 파티카는 무성의 환생일지도 모르는 소녀 연아를 만나게 된다. 그와 동시에 2천5백 년 전 사왕전쟁을 일으켜 인류의 3분의 1일 죽인 백사왕의 환생을 자처하는 나련이 나타나 제2차 사왕전쟁을 선포하는데... "
58,"카르베이너스 1부 4","레드 드레곤으로 환생한 엄청 운이 좋은 레드 드레곤 카르베이너스와 강인한 성격의 소유자 카르세이아, 레드 드레곤 중에서 가장 나이가 많은 자로 고룡의 칭호를 받는 카르슈아드......환타지 세계가 흥미진진하게 펼쳐지 환타지 장편소설이다."
59,"카르베이너스 2부 4 완결","어둠은 빛을 삼키고, 빛은 어둠을 삼키니... 빛을 가리는 것은 어둠인가, 아니면 어둠을 꿰뚫는 것은 빛인가?빛을 가리는 것은 보다 더 강렬한 빛임을, 어둠을 꿰뚫는 것은 보다 더 짚은 어둠임을... 그대들은 깨달으리라!"
60,"대여 고화질 허니B 두근두근 러브 보이스 05화","방과 후, 부활동 시작 5분 전 교내에 울리는 아름다운 저음의 도서 방송. 섹시하고 달달한 목소리의 주인공 정체는 조용하고 괴짜 동급생?! 네 목소리, 나만 듣고싶어, 좀 더 가까이서 듣고싶어!! ?Hongou/JULIAN PUBLISHING Co.,Ltd."
61,"Hospitalists' Guide to the Care of Older Patients","&lt;p&gt;CONTRIBUTORS vii&lt;/p&gt; &lt;p&gt;CHAPTER 1 INTRODUCTION AND OVERVIEW 1&lt;br /&gt; &lt;i&gt;Brent C. Williams, Preeti N. Malani, and David H. Wesorick&lt;/i&gt;&lt;/p&gt; &lt;p&gt;CHAPTER 2 THE HOSPITALIZED OLDER ADULT: COMMUNICATION AND PHYSICAL EXAMINATION 5&lt;br /&gt; &lt;i&gt;Mark E. Williams&lt;/i&gt;&lt;/p&gt; &lt;p&gt;CHAPTER 3 GERIATRIC ASSESSMENT FOR THE HOSPITALIST 17&lt;br /&gt; &lt;i&gt;Brent C. Williams&lt;/i&gt;&lt;/p&gt; &lt;p&gt;CHAPTER 4 INFORMED DECISION-MAKING AND THE EVALUATION OF DECISION-MAKING CAPACITY 31&lt;br /&gt; &lt;i&gt;Lisa S. Seyfried, Esther O. Akinyemi, and Scott Y.H. Kim&lt;/i&gt;&lt;/p&gt; &lt;p&gt;CHAPTER 5 CARING FOR PATIENTS WITH LIMITED PROGNOSIS: NEGOTIATING GOALS OF CARE AND PLANNING FOR THE END-OF-LIFE 47&lt;br /&gt; &lt;i&gt;Adam D. Marks and Caroline A. Vitale&lt;/i&gt;&lt;/p&gt; &lt;p&gt;CHAPTER 6 GERIATRIC PHARMACOTHERAPY 65&lt;br /&gt; &lt;i&gt;Gabe Solomon, Macgregor A. Montano, and Paul C. Walker&lt;/i&gt;&lt;/p&gt; &lt;p&gt;CHAPTER 7 MANAGING BEHAVIORAL DISTURBANCES WITH PSYCHOACTIVE MEDICATIONS: DOS, DON’TS, AND MAYBES 93&lt;br /&gt; &lt;i&gt;David C. Belmonte, Jolene Bostwick, and Amy B. Rosinski&lt;/i&gt;&lt;/p&gt; &lt;p&gt;CHAPTER 8 ISSUES AND CONTROVERSIES SURROUNDING NUTRITION IN HOSPITALIZED OLDER ADULTS 115&lt;br /&gt; &lt;i&gt;Lauren W. Mazzurco, Joseph Murray, and Caroline A. Vitale&lt;/i&gt;&lt;/p&gt; &lt;p&gt;CHAPTER 9 HIP FRACTURE: MANAGING THE MEDICALLY COMPLEX, OLDER SURGICAL PATIENT 141&lt;br /&gt; &lt;i&gt;Paul J. Grant&lt;/i&gt;&lt;/p&gt; &lt;p&gt;CHAPTER 10 FALLS AND MOBILITY DURING HOSPITALIZATION 165&lt;br /&gt; &lt;i&gt;Cynthia J. Brown and Donna M. Bearden&lt;/i&gt;&lt;/p&gt; &lt;p&gt;CHAPTER 11 PRESSURE ULCERS: A PRIMER FOR THE HOSPITALIST 181&lt;br /&gt; &lt;i&gt;Aimee D. Garcia&lt;/i&gt;&lt;/p&gt; &lt;p&gt;CHAPTER 12 DELIRIUM 203&lt;br /&gt; &lt;i&gt;Tia R.M. Kostas and James L. Rudolph&lt;/i&gt;&lt;/p&gt; &lt;p&gt;CHAPTER 13 TRANSITIONAL CARE PLANNING: ASSURING A SAFE DISCHARGE 225&lt;br /&gt; &lt;i&gt;Satyen Nichani, Darius Joshi, and Christopher S. Kim&lt;/i&gt;&lt;/p&gt; &lt;p&gt;INDEX 247&lt;/p&gt;"
62,"만해 한용운의 풀뿌리 이야기","- 만해 선사의 &lt;정선강의채근담&gt;을 출간하면서 - 서언(敍言)  - 서(序)  1. 수양과 성찰(수성修省) 2.  마음 자리(응수應酬) 3. 평가와 토론(평의評議) 4. 마음의 여유(한적閒適) 5. 처세와 수양의 논리(개론槪論)"
63,"초등학생이 꼭 알아야 할 동사 322가지 1 - 각종 영어 인증시험ㆍ영어 경시대회 대비","이 책은 영어 단어를 주고 뜻을 써놓은 것이 아니라 소설책같이 쉽게 읽으면서 한 동사의 여러가지 의미를 알 수 있도록 구성하였습니다. 한 동사마다 그 동사를 이용하여 2개의 예문을 들고 있으며 또한 다른 중요한 의미로 쓰일 때의 예를 들어 설명하고 있습니다. 이 동사는 각종 reading 책을 읽는데 도움을 줄 뿐만 아니라 토익을 비롯한 각종 영어 인증 시험, 그리고 회화 실력 향상에도 큰 도움이 될 것입니다."
64,"효우 2","제20장 우거가 서쪽으로 간 까닭은 제21장 아니, 이 사람들이? 제22장 마차 몰아~! 제23장 사사단(死師團) 제24장 펄럭! 제25장 뒤바뀐 인질극(1) 제26장 뒤바뀐 인질극(2) 제27장 적마문(赤魔門)의 소문주(小門主) 제28장 내 남자니까! 제29장 십무존(十武尊) 그리고 권왕(拳王) 제30장 접전(接戰) 제31장 고전(苦戰) 제32장 박투(搏鬪)와 유술(柔術), 박투술(搏鬪術) 제33장 박투(搏鬪)와 유술(柔術), 박투술(搏鬪術)(2) 제34장 사상 최강의 빈객(賓客) 제35장 입성(入城) "
65,"경제학이 사람을 행복하게 할 수 있을까?","일본 메이지대학 경영학부 경영학과를 졸업하고, 현재는 학원에서 일본어를 가르치면서 전문 번역가로 활동하고 있다. 옮긴 책으로는 ≪건강목욕법≫ ≪당뇨병을 치료하는 식품과 생활습관 70≫ ≪카리스마 선생의 수학≫ ≪카리스마 선생의 수학·확률≫ ≪인생을 변화시키는 기적의 24시간≫ ≪긍정적인사람, 부정적인사람≫ 등이 있고〈움직이는 교과서〉시리즈(전 3권)과 ≪우리 동네에는 어떤 나무들이 살고 있을까≫를 공동집필했다. "
66,"죽근의원 02권","불치병의 아들을 위해 구한 의서그 속에서 발견한 심법은 아들과 연이 닿아버리고…대나무의 뿌리처럼 곧게 자라리니의원이 되기 위해 천하제일인의 무공도 버렸다!죽근의원 앞에서는 부도 권력도 무력도 없다!의술로 환자의 병을 치료하고무술로 마음의 병을 치료하는 의원이 여기 있다!"
67,"위클리 북섹션 054호 2016/10/01","경향, 동아, 조선, 중앙, 한겨레책 소개를 eBook으로 읽는다[위클리북섹션]은 5대 언론사 (경향, 동아, 조선, 중앙, 한겨레)의 책 소개 기사를 하나로 모은 디지털 주간지입니다. 도서 전문 기자들의 서평 기사를 가장 편한 eBook으로 매주 확인하세요.스마트폰, 전자책 단말기에서 읽기 편한 epub 파일과 태블릿, PC에서 신문 레이아웃 그대로 읽을 수 있는 PDF 파일을 함께 제공합니다. 정기구독을 신청하시면 매주 토요일 오후 추가 결제 없이 전자책 구매목록에 최신호가 추가 됩니다. 도서 전문 기자들의 서평 기사를 가장 편한 eBook으로 매주 확인하세요."
68,"풋볼 매니지먼트 22","280회. 유망주를 보는 특별한 눈281회. 사람의 욕심은 끝이 없다282회. 돌아온 맹수283회. 플레잉 코치, 드록바284회. 구단주의 심시티285회. 제로 베이스286회. 복귀 반응287회. 나는 뛰고 싶다288회. 돈 VS 치트키289회. 뉴스 메이커290회. 나는 오늘도 성장한다291회. 아버지와 아들292회. 주인공은 마지막에 등장한다"
69,"단천혈룡 1권 : 여혼 신무협 장편소설","제 1 장 아버지와 아들제 2 장 새로운 둥지, 익어가는 꿈제 3 장 활검(活劍)의 노래제 4 장 세월은 푸른 물결을 타고제 5 장 동정호의 검은 밤제 7 장 악몽의 웃음소리제 8 장 잠룡, 무창으로 날다"
70,"드래고니안 2","한민족의 기상이 담긴 한룡쳥해(漢龍靑海)의 비밀과 웅비하는 한민족의 기상. 그리고 드래곤과 함께 하는 역사 기행. 드래고니안이란 드래곤이 인간으로 완벽히 폴리모프한 시점에서 인간의 이성(異性)과 교합할 때 인간적인 유전자가 변형되어 태어난 사람이다. 독특한 소재와 기발한 상상력으로 판타지 소설의 새 장을 연 작품."
71,"Wellbeing: A Complete Reference Guide, Wellbeing and the Environment","&lt;p&gt;About the Editors ix&lt;/p&gt; &lt;p&gt;Contributors xi&lt;/p&gt; &lt;p&gt;Full Contents of &lt;i&gt;Wellbeing: A Complete Reference Guide&lt;/i&gt; xiii&lt;/p&gt; &lt;p&gt;Introduction to &lt;i&gt;Wellbeing: A Complete Reference Guide&lt;/i&gt; xxvii&lt;/p&gt; &lt;p&gt;1 Wellbeing and the Environment: An Overview 1&lt;br /&gt;&lt;i&gt;Rachel Cooper&lt;/i&gt;&lt;/p&gt; &lt;p&gt;&lt;b&gt;Part 1 Wellbeing and the Neighborhood 21&lt;/b&gt;&lt;/p&gt; &lt;p&gt;2 Urban Neighborhoods and Mental Health across the Life Course 23&lt;br /&gt;&lt;i&gt;Erin Gilbert and Sandro Galea&lt;/i&gt;&lt;/p&gt; &lt;p&gt;3 The Impact of the Local Social and Physical Local Environment on Wellbeing 51&lt;br /&gt;&lt;i&gt;Anne Ellaway&lt;/i&gt;&lt;/p&gt; &lt;p&gt;4 Density and Mental Wellbeing 69&lt;br /&gt;&lt;i&gt;Christopher T. Boyko and Rachel Cooper&lt;/i&gt;&lt;/p&gt; &lt;p&gt;5 Neighborhoods and Social Interaction 91&lt;br /&gt;&lt;i&gt;Scott C. Brown and Joanna Lombard&lt;/i&gt;&lt;/p&gt; &lt;p&gt;6 Living in the City: Mixed Use and Quality of Life 119&lt;br /&gt;&lt;i&gt;Graeme Evans&lt;/i&gt;&lt;/p&gt; &lt;p&gt;7 ""We Live Here Too"". . . What Makes a Child-Friendly Neighborhood? 147&lt;br /&gt;&lt;i&gt;Karen E. Martin and Lisa J. Wood&lt;/i&gt;&lt;/p&gt; &lt;p&gt;8 A Step Too Far? Designing Dementia-Friendly Neighborhoods 185&lt;br /&gt;&lt;i&gt;Lynne Mitchell&lt;/i&gt;&lt;/p&gt; &lt;p&gt;9 Walkable Neighborhoods: Principles, Measures, and Health Impacts 219&lt;br /&gt;&lt;i&gt;Tim G. Townshend&lt;/i&gt;&lt;/p&gt; &lt;p&gt;10 Quality of Urban Spaces and Wellbeing 249&lt;br /&gt;&lt;i&gt;Mags Adams&lt;/i&gt;&lt;/p&gt; &lt;p&gt;&lt;b&gt;Part 2 Wellbeing and Buildings 271&lt;/b&gt;&lt;/p&gt; &lt;p&gt;11 Children and the Physical Environment 273&lt;br /&gt;&lt;i&gt;Lorraine E. Maxwell and Gary W. Evans&lt;/i&gt;&lt;/p&gt; &lt;p&gt;12 Wellbeing and the School Environment 301&lt;br /&gt;&lt;i&gt;Andy Jones and Flo Harrison&lt;/i&gt;&lt;/p&gt; &lt;p&gt;13 The Built Housing Environment, Wellbeing, and Older People 335&lt;br /&gt;&lt;i&gt;Rachael Dutton&lt;/i&gt;&lt;/p&gt; &lt;p&gt;14 Workplace and Wellbeing 373&lt;br /&gt;&lt;i&gt;Jeremy Myerson&lt;/i&gt;&lt;/p&gt; &lt;p&gt;15 Linking the Physical Design of Health-Care Environments to Wellbeing Indicators 391&lt;br /&gt;&lt;i&gt;Sarah Payne, Rachel Potter, and Rebecca Cain&lt;/i&gt;&lt;/p&gt; &lt;p&gt;&lt;b&gt;Part 3 Wellbeing and Green Spaces 419&lt;/b&gt;&lt;/p&gt; &lt;p&gt;16 Wellbeing and Green Spaces in Cities 421&lt;br /&gt;&lt;i&gt;William Sullivan&lt;/i&gt;&lt;/p&gt; &lt;p&gt;17 Environmental Interaction and Engagement: Supporting Wellbeing 445&lt;br /&gt;&lt;i&gt;Richard Coles&lt;/i&gt;&lt;/p&gt; &lt;p&gt;&lt;b&gt;Part 4 Wellbeing and the Environment: Other Factors and the Future 499&lt;/b&gt;&lt;/p&gt; &lt;p&gt;18 Crime and the Urban Environment: The Implications for Wellbeing 501&lt;br /&gt;&lt;i&gt;Caroline L. Davey and Andrew B. Wootton&lt;/i&gt;&lt;/p&gt; &lt;p&gt;19 Transport and Wellbeing 535&lt;br /&gt;&lt;i&gt;Nick Tyler&lt;/i&gt;&lt;/p&gt; &lt;p&gt;20 Air Quality and Wellbeing 569&lt;br /&gt;&lt;i&gt;Ben Croxford&lt;/i&gt;&lt;/p&gt; &lt;p&gt;21 Implications of Low-Carbon Design of Housing for Health and Wellbeing: A U.K. Case Study 579&lt;br /&gt;&lt;i&gt;Michael Davies, Ian Hamilton, Anna Mavrogianni, Rokia Raslan, and Paul Wilkinson&lt;/i&gt;&lt;/p&gt; &lt;p&gt;22 Cobenefits of Insulating Houses: Research Evidence and Policy Implications 607&lt;br /&gt;&lt;i&gt;Philippa Howden-Chapman and Nicholas Preval&lt;/i&gt;&lt;/p&gt; &lt;p&gt;23 The Multiple Pathways between Environment and Health 627&lt;br /&gt;&lt;i&gt;Marketta Kytta and Anna Broberg&lt;/i&gt;&lt;/p&gt; &lt;p&gt;24 Summary: Wellbeing and the Environmental Implications for Design 653&lt;br /&gt;&lt;i&gt;Rachel Cooper and Elizabeth Burton&lt;/i&gt;&lt;/p&gt; &lt;p&gt;Index 669&lt;/p&gt;"
72,"열두 광주리 가득히 1","1장. 주 예수에 대한 두 종류의 인식    2장. 영원한 십자가    3장. 영광 안으로의 노정    4장. 너희에게 먹을 것이 있느냐    5장. 예수께 고함    6장. 지금 누릴 수 있는 축복    7장. 새어버림과 떠돌아다님    8장. 하나님의 보호하는 능력    9장. 구원의 투구를 씀    10장. 그리스도의 몸 안에 사는 삼대 원칙    11장. 기름부음의 기능    12장. 깊은 곳과 깊은 곳이 서로 부름"
73,"흑마법사 무림에 가다 06","제1장 폭풍전야제2장 음모, 그리고 타살제3장 죽은 자의 말제4장 화산파 탈출제5장 쫓고 쫓기는 자들제6장 천라지망제7장 강행돌파제8장 멸마광검 진필성제9장 북해로제10장 만년설삼"
74,"대여 히든커넥션 6권 3","지금 두 개의 세상이 흔들리고 있다!이계의 인간이 지구의 가상게임에 자유롭게 접속한다면?이계의 신물이 가상게임에서 사용될 수 있다면?게임의 아이템을 이계에서 자유롭게 쓸 수 있다면?그가 바로 무적이다!케인리히 왕립아카데미의 만년 꼴찌 테릭아스리온 대륙과 가상현실 게임 그란티아 월드를 자유롭게 넘나들며,가상게임 최고의 스킬창조자이자 위대한 파인더로,이계의 대륙 최강자로 재탄생한다!저자 소개작가 정성민2005 <이계정벌기>2006 <퍼펙트런>2006 <마스터샷>2007 <데포>2007 <크로스카운터>2008 <업그레이더>2009 <히든커넥션>2009 <아나토미>2010 <게이트러너>2010 <더블커넥션>2011 <대괴선>2012 <뉴스메이커>2012 <옴팡진놈>2013 <지크랜드>2014 <아티팩트타워>항상 공상을 즐기고 훌쩍 여행을 떠나는 나를 세상은 '철이 없다'고 말한다.지구 저편에서 좌익 반군을 만나 돈을 털렸거나 사막을 헤매다가 일사병에 걸려 툭 튀어나온 배가 홀쭉해졌을 때 또는 현지 친구를 만나기 위해 히말라야의 산자락을 몇 개나 넘었다고 하면 세상은 내게, 다시는 그런 여행을 가지 말라고 충고한다.하지만 나는 똑똑히 느끼고 있다.일상에서 경험해 보지 못한 그런 자극들이 내게 많은 영감과 에너지를 준다는 사실을."
75,"세트 환계의 용사였습니다 총6권/완결","환계의 용사였습니다 1권Prologue?등장인물 소개?1. And2. 해프닝3. Pulse4. Oh my friend5. Population6. 속마음7. 수학여행환계의 용사였습니다 2권1. 밤에2. 즐거운3. 하필이면4. Nice guy5. Oh my goddess6. 깽판7. New heroes환계의 용사였습니다 3권1. 용사들은 고생합니다2. 선이의 교육적 지도3. 악당들도 고생합니다4. 친구야5. 이스6. 긴급사태7. 환계에서8. 악마보다 더한9. 환계의 용사였습니다10. 후일을 위한 준비11. 선이의 교육적 지도 Again환계의 용사였습니다 4권1. 하면 된다2. 잘못된 만남3. 여신이라는 이름4. New Character5. 그 남자들이 대화하는 방법6. 싸운 후에는7. 평범한 사람이 힘을 가지면8. 신이란 인간의 상상에서 나온 이들이다9. 고조10. Uncountable11. IF(1)11. IF(2)11. IF(3)환계의 용사였습니다 5권1. 복선2. 선이는 스트레스가 풀고 싶습니다3. 기훈이는 술을 마시면 재밌어진다4. 슈퍼 번개맨5. 마신 후에6. 내계의 용사입니다7. 기분 좋은 날8. 발단9. 전개10. 위기11. 절정12. 결말13. IF(1)13. IF(2)13. IF(3)환계의 용사였습니다 6권1. 아직 끝나지 않았다2. 성자3. Friend4. 어느 순간도5. 한숨 돌리기6. 브라더7. 충왕8. Saviour9. 분신과의 싸움10. 그때 사실은11. SI12. 지옥에 사는 것은13. Population returns14. 무운을 빕니다15. 자각16. 악마의 최후17. 완전해지는 것18. 기분 나쁘게19. VS 여신20. 본심21. 끝을 맞이하며22. And + End23. IF24. Not IF25. After작가 후기"
76,"밤의 대통령 2부 1 - 이원호 장편소설","남자 위의 남자, 불꽃의 사나이 김원국. 국내의 밤세계와 동남아의 거대한 폭력조직에 연계된 사나이들의 목숨건 혈투, 그리고 문민정부에서 소외된 하나회 출신 군인들의 쿠데타 음모 척결과 한국을 제외하고 비밀리 이뤄진 <북미(北美)경수로 회담>의 주도권 장악에 이르기까지 종횡무진 누빈 우리시대의 우상 김원국. 그를 가리켜 「밤의 대통령」이라 부른다."
77,"대여 고화질 34세 무직씨 1","“여러모로 생각하는 바가 있어서, 1년간 아무것도 하지 않기로 정했습니다.”서른네 살.보통이라면 한창 일할 나이인 30대 중반입니다.그런데 여기,그 인생의 전성기라 할 수 있는 시기에여러모로 생각하는 바가 있어서 “1년 동안 아무것도 하지 않기”로 한 여성이 있습니다.그렇게 시작된 서른네 살의 무직생활.새 청소기에 일희일비도 하고,밤거리에 귀를 기울이며 은하철도 생각도 하고…….서두르기 없기. 조바심 아웃. 하는 일 없이.그러한 무직씨의 일상을 살짝 엿보시지 않겠습니까?"
78,"대여 마담 티아라 6권","2부 사교계의 보석14장 장악 (中)15장 장악 (下)16장 만나야만 하는 자들 (上)17장 만나야만 하는 자들 (中)18장 만나야만 하는 자들 (下)19장 빛나는 보석 (上)20장 빛나는 보석 (下)"
79,"세트 소드 마스터Sword Master 전9권/완결","소드 마스터(Sword Master) (전9권/완결) 세트 상품 입니다.검의 극치를 추구했던 떠돌이 검객 장경.해동 제일의 고수, 검종의 검에 죽다!그리고 그가 눈을 뜬 곳은,수백년의 시간이 흐른 먼 서쪽의 땅.총기와 화약의 등장과 함께 무너져 내린 무가의 직위.병약한 소년, '닐프'로 환생한 그는 전생의 기억인 '장경'으로서 살아가기로 결정하는 데...!"
80,"흑마법사 무림에 가다 08","제1장 언데드 군단제2장 허진의 진정한 무력제3장 등극제4장 새로운 바람제5장 취구 공효제6장 무림 정세의 반전제7장 무너진 북해빙궁제8장 야율황기의 분노제9장 남만으로제10장 사신의 흑마법"
81,"세트 라온 총8권/완결","라온 (총8권/완결) 세트 상품 입니다.거대 병기 타이탄의 역사가 시작된다! 로봇에 미쳐 있던 16살 선우는 연구소의 비밀 장치를 통해 우연히 판타지 세계로 넘어가게 된다. 그곳에서의 신분은 약소국 마케니안의 라온 왕자. 선우는 거대한 타이탄을 개조해 각종 마법으로 무장된 타이탄 슈트를 만들기에 이르는데! 타이탄 슈트를 업그레이드해가며, 소드마스터가 되어 대륙을 통일하는 라온(선우)의 활약을 지켜보라!!"
82,"내 행운 Max 1-2","불운의 아이콘 영민, 각성으로 행운 수치 Max가 되다! 추락의 순간 헌터 각성으로 살아난 영민 한데... 추락하며 깔아뭉갠 것이 세상을 구하기 위해 회귀한 헌터라고? 회귀자의 기억과 능력을 흡수한 행운 Max의 헌터, 영민의 이야기가 시작된다!"
83,"대여 히든커넥션 9권 3 완결","9권1. 운영자 테릭?2. 드워프들이 그것도 못해?3. 그놈은 원래 그런 놈이다!4. 뭔 속인지 알 수가 없네?5. 역시 보통 놈들이 아니야.6. 그런 개념 없는 드래곤이 누구야?7. 좋게 말할 때 얼른 와라!8. 역사는 밤에 이루어진다9. 넌 누구냐?10. 제발, 정신 차려!"
84,"대여 아켄 2권 2","<작품 소개>찬돌의 퓨전 판타지 장편소설. 몸속을 지배한 목소리를 따라 점점 변화하는 아켄. 질시받던 철부지가 부족의 차기 족장 후보로, 겁 많던 애송이가 계시를 받은 단 하나의 용사로. 하나 누구도 살인자의 인장이 찍힌 도망자가 될 줄은 모르는데…. 2084년산 전투 기기와 외떨어진 부족 소년의 만남. 기기묘묘한 그들의 동거가 요란한 제국의 판세를 예고한다.<작가 소개>머릿속에 있지만 꿈꾸는 것도 살아 있는 현실이라 생각합니다. 멋진 꿈을 같이 나누고 싶습니다."
85,"대여 아켄 1권 2","1권제1장. 우주를 떠도는 메모리얼 액터제2장. 테르칸 부족의 성인식제3장. 하늘에서 떨어진 괴물체제4장. 테르칸의 영혼제5장. 메모리얼 액터의 새 이름, 에오제6장. 아테모브의 후계자제7장. 꿈 속의 훈련(Ⅰ)제8장. 꿈 속의 훈련(Ⅱ)제9장. 오토 공작의 복수제10장. 부족 전쟁(Ⅰ)제11장. 부족 전쟁(Ⅱ)제12장. 포로 아켄"
86,"대여 소드 엠페러 13권","1. 회군하는 제국군2. 레나우 강변의 사투3. 전면적으로 발화한 제국 내전4. 나는 싸우고 싶다5. 킬머, 자이렌과 자웅을 결하다6. 드러난 킬머의 정체7. 국운을 건 한판의 도박8. 사라진 조르그문트 공작9. 로세니아를 떠나는 귀족들10. 네크로멘서스의 비밀 거점"
87,"Theology","The second edition of this book, written by internationally-acclaimed theologian and author Alister E. McGrath, has been completely updated in response to feedback from readers. It retains the clarity and accessibility that made the first edition so popular, whilst expanding its coverage of a range of issues. <ul> <li>Includes a major new chapter on sacraments and new sections on core topics, including the problem of suffering, the theology of sin, concepts of heaven, and views of the millennium</li> <li>Uses the Apostle’s Creed as a framework to introduce readers to key theological issues, such as God, Jesus Christ, the Holy Spirit, faith, creation, salvation, atonement, religious history and heaven</li> <li>Contains within each chapter an overview of one of these themes, presents relevant biblical passages, and summarizes the contribution of one major theologian</li> <li>Written by one of the world’s leading theologians for anyone taking a first short course in Christian theology</li> <li>Can be used alongside McGrath's <i>Theology: The Basic Readings</i> for a complete overview of the field</li> </ul>"
88,"Corrosion Engineering","<p>Corrosion costs billions of dollars to each and every single economy in the world. Corrosion is a chemical process, and it is crucial to understand the dynamics from a chemical perspective before proceeding with analyses, designs and solutions from an engineering aspect. The opposite is also true in the sense that scientists should take into consideration the contemporary aspects of the issue as it relates to the daily life before proceeding with specifically designed theoretical solutions. <i>Corrosion Engineering</i> is advised to both theoreticians and practitioners of corrosion alike.</p> <p>Corrosion engineering is a joint discipline associated primarily with major engineering sciences such as chemical engineering, civil engineering, petroleum engineering, mechanical engineering, metallurgical engineering, mining engineering among others and major fundamental sciences such as sub-disciplines of physical, inorganic and analytical chemistry as well as physics and biology, such as electrochemistry, surface chemistry, surface physics, solution chemistry, solid state chemistry and solid state physics, microbiology, and others.</p> <p><i>Corrosion Engineering </i>is a must-have reference book for the engineer in the field that covers the corrosion process with its contemporary aspects with respect to both of its scientific and engineering aspects. It is also a valuable textbook that could be used in an engineering or scientific course on corrosion at the university level.</p>"
89,"정의의 해결사 이원희","가짜 복권 사기 , 경마장 사기 , 부동산 사기꾼 , 우정을 배신한 여자. 호색대장 이사 등 사회의 악한들이 벌이는 온갖 파렴치한 일들을 주인공 이원희의 예리한 판단력과 추리력으로 하나씩 밝혀나간다. 얼기설기 뒤엉킨 사건의 전모를 파헤치는 이원희의 날카로운 판단력이 독자에게 통쾌함을 안겨준다.일본에서 리모도 하라히메(李本原姬)라는 이름으로 불리우는 이원희는  이미 하이텔 문학관 추리소설 시리즈의 주인공으로 대 활약하고 있다."
90,"낭인무적 5","무림맹의 승리로 막을 내린 사상 최악의 정사대전!그리고 5년 후, 무이산에 나타난 한 사나이. 그는 일개 사냥꾼에 불과했다. 그런데 왜 그곳에 있는 산채 전체가 그의 눈치를 살펴야 했을까? 무적의 사나이 천호. 그는 왜 피맺힌 원한도 잊은 채, 산속에서 사냥이나 하고 있는가? 왜 무림을 등지고 낭인처럼 떠돌아 다녀야 하는가? 복건제일미 유세희. 그녀는 가문을 지키기 위해 무엇이든 해야만 했다. 가문의 사활을 건 비무에 참가할 고수를 구하기 위해 무이산으로 간 유세희. 그녀는 거기서 혈쾌검이란 절정 고수를 만날 수 있었다. 그러나 정작 그녀가 선택한 인물은 그가 아니라 일개 사냥꾼이었다."
91,"세트 인서울 연금술사 총5권/완결","인서울 연금술사 (총5권/완결) 세트 상품 입니다.최악(最惡), 최약(最弱) 제조사 클래스로 각성한 운하. 10년 동안 이계에서 연금술의 극을 이루고 귀환했다. 전설의 연금술사가 되어 다시 돌아온 그의 행보를 주시하라!"
92,"연구방법론과 논문작성법","머 리 말  제1부　연구방법론 총론  제1장 연구란 무엇인가?  제2장 연구의 도구  제3장 연구의 유형  제4장 문헌고찰  제2부　연구방법론  제5장 문제와 가설  제6장 변수와 함수  제7장 연구의 설계  제8장 연구계획서 작성  제9장 측정의 수준  제10장 측정도구의 신뢰도와 타당도  제11장 자료수집방법  제3부　자료의 통계처리  제12장 모집단과 표본추출  제13장 통계분석방법의 선택  제14장 오차 및 결과의 표현  제4부　연구결과의 표현  제15장 논문의 개념과 종류  제16장 논문의 작성  제5부　문장쓰기  제17장 바른 문장쓰기  제18장 국어의 정확한 표기  참고문헌"
93,"우리 말 살려쓰기 - 둘, 겨레를 살리는 글쓰기","하나｜우리 말 우리 글을 쓰는 사람들 둘｜한자말을 쓰지 말아야 하는 까닭 셋｜우리 말을 살려쓰려는 뜻 덧붙임 하나｜한자병기 정책에 반대한다 덧붙임 둘｜한글전용법 지키기 천만 인 서명 운동 덧붙임 셋｜바로잡은 낱말 모음"
94,"이 세상은 나의 사랑이며 또한 나다","독자들께 역자서문   하나, 내 안에 있는 평화로움 둘, 기쁨을 맛보게 해주는 수행과 명상 셋, 불자들이 분노를 다스리는 법 넷, 우리가 보듬어야 할 동반자, 지구 다섯, 수행을 도와주는 지역공동체 여섯, 미래를 위해 오늘 우리가 해야 할 일"
95,"자아의 파쇄와 영의 해방","서문   제1장　파쇄의 필요성  제2장　파쇄되기 전과 파쇄된 후  제3장　수중에 든 일  제4장　어떻게 사람을 아는가  제5장　교회와 하나님의 역사  제6장　파쇄와 통제  제7장　분리와 계시  제8장　인상과 영의 상태  제9장　파쇄후의 부드러워진 상태"
96,"신주의 발견","「山海經」 책은 실로 “朝鮮” 국명이 새겨진 최초의 문자기재이다. 「山海經」 책은 대체로 하夏나라 우禹 임금 또는 백익伯益 때 써졌다는 설이 정설 또는 통설이다. 「山海經」 을 통해 역사를 거슬러 올라가 “朝鮮” 역사 원점을 찾아야 한다고 인식한다. 왜냐하면 우리는 「山海經」 중에 기재된 “朝鮮” 국명을 지금까지 사용하고 있기 때문이다 (단군조선檀君朝鮮을 지나, 이성계李成桂가 세운 조선朝鮮, 그리고 오늘날 한반도韓半島 [조선반도朝鮮半島] 남한南韓 [남조선南朝鮮] 북한北韓 [북조선北朝鮮] 서로 이렇게 쓰며 한 역사를 공유한 한 민족이라고 인식한다.)"
97,"흑마법사 무림에 가다 12","박정수 판타지 장편소설『흑마법사 무림에 가다』제25권. <마법사 무림에 가다>의 작가 박정수! 이번에는 흑마법으로 중원 무림을 평정한다. 마교에서 부활한 대흑마법사 마현의 무림종횡기!작가소개무협과 판타지의 경계를 자유롭게 넘나드는 퓨전작가 박정수"
98,"붉은 제국 1","제1장 비밀을 품에 안은 새벽 제2장 발튼 영지의 소악마 엘란 제3장 트롤 사냥? 아니 트롤 사육! 제4장 집요한 폭군 바란트!(그 새벽은 배신도 불렀다!) 제5장 대박 난 엘란! 그리고 습격! 제6장 엘란과 세린의 이상한 언약식 제7장 복종의 미약! 영혼의 종속 그리고 파이른! 제8장 엘란의 거대 장원 제9장 말괄량이 캣독 린의 탄생"
99,"카르베이너스 1부 2","레드 드레곤으로 환생한 엄청 운이 좋은 레드 드레곤 카르베이너스와 강인한 성격의 소유자 카르세이아, 레드 드레곤 중에서 가장 나이가 많은 자로 고룡의 칭호를 받는 카르슈아드......환타지 세계가 흥미진진하게 펼쳐지 환타지 장편소설이다."
